year,profit_margin_percent
2014,10.23
2015,13.100000000000001
2016,13.43
2017,12.740000000000002
